{
  "benchmark_params": {
    "alpha_xi0": 1e-12,
    "lambda_xi": 1000000000000000.0,
    "delta_e_vac": 9.93e-11,
    "tau_coh0": 0.001,
    "kappa_rho": 1000.0,
    "beta_coh": 0.5,
    "N_c": 666000000.0,
    "l_xi": 1.97e-31,
    "rho_xi": 1.3e+92
  },
  "scenarios": [
    {
      "name": "真空声学 (24 kHz)",
      "T": 293,
      "rho": 0.0,
      "p_eq": 0.4999999990167845,
      "g_eff": 1e-12,
      "Q": 3893324.437801623,
      "U_total_Jm3": 1.0341249063817645e+63,
      "U_spill_Jm3": 8.61770755318137e+61,
      "U_fuel_Jm3": 9.479478308499508e+62,
      "eps_elaw": 0.08333333333333333
    },
    {
      "name": "纯水 (273 Hz)",
      "T": 298,
      "rho": 1000.0,
      "p_eq": 0.49999999999033284,
      "g_eff": 1.0000004999998751e-09,
      "Q": 38933.23140027676,
      "U_total_Jm3": 1.0341245636872331e+61,
      "U_spill_Jm3": 8.617704697393608e+59,
      "U_fuel_Jm3": 9.47947516713297e+60,
      "eps_elaw": 0.08333333333333333
    },
    {
      "name": "生物细胞 (289 Hz)",
      "T": 310,
      "rho": 1060.0,
      "p_eq": 0.49999999999088574,
      "g_eff": 1.0295634997415166e-09,
      "Q": 38184.32965797215,
      "U_total_Jm3": 1.0142326189498589e+61,
      "U_spill_Jm3": 8.451938491248823e+59,
      "U_fuel_Jm3": 9.297132340373707e+60,
      "eps_elaw": 0.08333333333333333
    }
  ]
}